類別,面積(ha),沖蝕面積(ha),淤積面積(ha),變化<LoD(ha),沖蝕量(m3),淤積量(m3),淨變化(m3),dZ中位數(m)
植生→裸露,213.2,14.8,136.6,61.8,-2075641.0,103802736.0,101727104.0,29.2
裸露→裸露,35.9,0.6,28.6,6.7,-55642.0,32564978.0,32509338.0,71.0
水體→裸露,5.7,0.0,5.7,0.0,-815.0,7077712.0,7076896.0,108.7
合計（潰決後裸露地）,255.0,15.3,171.1,68.6,-2132098.0,143568192.0,141436096.0,38.2

ΔSAVI 分組,面積(ha),沖蝕(%),變化<LoD(%),淤積(%),|dZ|中位數(m)
< −0.4,160.1,7.9,30.3,61.8,24.4
−0.4～−0.3,25.4,5.1,27.7,67.2,46.3
−0.3～−0.2,18.9,3.1,16.3,80.6,58.2
−0.2～−0.1,16.9,1.5,20.7,77.8,58.9
−0.1～0,21.6,2.2,25.8,72.0,63.5
≥ 0,11.8,0.5,7.2,92.3,149.7

對位偏移(m),1.33,穩健標準差(m),3.62,LoD(m),7.09,穩定像元,538
潰決期間 0930−0920,沖蝕量(m3),-101129400.0,淤積量(m3),2030566.0,LoD(m),3.79
