分區,面積(ha),平均LS,流失潛勢 2018 年,流失潛勢 2024/07–2025/06,流失潛勢 2025/10–2026/09,潰決後/災前(倍),增加量,增加量占比(%),平均C 2018 年,平均C 2024/07–2025/06,平均C 2025/10–2026/09
全集水區,13661.3,41.9,20515.2,30575.6,56658.9,1.85,26083.3,,0.0561,0.0676,0.1197
殘壩區,184.9,48.9,1722.6,2019.8,8252.7,4.09,6232.9,23.9,0.2033,0.2206,0.9099
崩積區,538.4,46.5,5694.9,11557.9,22560.0,1.95,11002.1,42.2,0.1854,0.392,0.9113
湖域,107.5,49.9,346.1,532.4,2679.7,5.03,2147.3,8.2,0.0766,0.0995,0.5382
下游河道區,2048.2,37.4,1438.2,2005.3,4053.1,2.02,2047.8,7.9,0.1751,0.1714,0.2322
其他坡面,10782.4,42.3,11313.3,14460.2,19113.4,1.32,4653.2,17.8,0.0243,0.0288,0.0411

說明：流失潛勢＝Σ(L×S×C×面積 ha)；乘上 Rm（10⁶ 焦耳‧公釐／公頃‧小時‧年）× Km（公噸‧公頃‧小時／公頃‧百萬焦耳‧公釐）即為 公噸／年。Rm、Km 請以水保署行動水保服務網查詢值代入。

流失潛勢分級面積(ha),極低,低,中,高,極高
2018 年,551.3,7779.3,4231.1,884.5,214.9
2024/07–2025/06,578.6,7793.0,4088.4,798.8,402.2
2025/10–2026/09,491.6,7389.9,3842.4,969.0,968.4
