期別,期間,分區,類別,面積(ha),占有效觀測(%),占分區(%)
2018 年,2018-01～2018-12,全集水區,水體,7.4,0.1,
2018 年,2018-01～2018-12,全集水區,裸露地,541.2,4.0,
2018 年,2018-01～2018-12,全集水區,稀疏植生,1047.3,7.7,
2018 年,2018-01～2018-12,全集水區,茂密植生,12065.3,88.3,
2018 年,2018-01～2018-12,全集水區,無資料（雲遮）,0.1,,0.0
2018 年,2018-01～2018-12,崩積區,水體,0.1,0.0,
2018 年,2018-01～2018-12,崩積區,裸露地,88.0,15.6,
2018 年,2018-01～2018-12,崩積區,稀疏植生,96.3,17.1,
2018 年,2018-01～2018-12,崩積區,茂密植生,378.6,67.2,
2018 年,2018-01～2018-12,崩積區,無資料（雲遮）,0.0,,0.0
2018 年,2018-01～2018-12,殘壩區,水體,1.9,1.0,
2018 年,2018-01～2018-12,殘壩區,裸露地,32.7,17.7,
2018 年,2018-01～2018-12,殘壩區,稀疏植生,37.4,20.2,
2018 年,2018-01～2018-12,殘壩區,茂密植生,112.9,61.1,
2018 年,2018-01～2018-12,殘壩區,無資料（雲遮）,0.0,,0.0
2018 年,2018-01～2018-12,下游河道區,水體,4.0,0.2,
2018 年,2018-01～2018-12,下游河道區,裸露地,335.7,16.4,
2018 年,2018-01～2018-12,下游河道區,稀疏植生,65.3,3.2,
2018 年,2018-01～2018-12,下游河道區,茂密植生,1643.2,80.2,
2018 年,2018-01～2018-12,下游河道區,無資料（雲遮）,0.0,,0.0
2024/07–2025/06,2024-07～2025-06,全集水區,水體,32.1,0.2,
2024/07–2025/06,2024-07～2025-06,全集水區,裸露地,712.7,5.2,
2024/07–2025/06,2024-07～2025-06,全集水區,稀疏植生,914.3,6.7,
2024/07–2025/06,2024-07～2025-06,全集水區,茂密植生,12002.0,87.9,
2024/07–2025/06,2024-07～2025-06,全集水區,無資料（雲遮）,0.3,,0.0
2024/07–2025/06,2024-07～2025-06,崩積區,水體,1.3,0.2,
2024/07–2025/06,2024-07～2025-06,崩積區,裸露地,202.8,36.0,
2024/07–2025/06,2024-07～2025-06,崩積區,稀疏植生,103.8,18.4,
2024/07–2025/06,2024-07～2025-06,崩積區,茂密植生,255.0,45.3,
2024/07–2025/06,2024-07～2025-06,崩積區,無資料（雲遮）,0.0,,0.0
2024/07–2025/06,2024-07～2025-06,殘壩區,水體,5.8,3.2,
2024/07–2025/06,2024-07～2025-06,殘壩區,裸露地,36.4,19.7,
2024/07–2025/06,2024-07～2025-06,殘壩區,稀疏植生,32.5,17.6,
2024/07–2025/06,2024-07～2025-06,殘壩區,茂密植生,109.9,59.6,
2024/07–2025/06,2024-07～2025-06,殘壩區,無資料（雲遮）,0.3,,0.18
2024/07–2025/06,2024-07～2025-06,下游河道區,水體,20.8,1.0,
2024/07–2025/06,2024-07～2025-06,下游河道區,裸露地,328.7,16.0,
2024/07–2025/06,2024-07～2025-06,下游河道區,稀疏植生,60.8,3.0,
2024/07–2025/06,2024-07～2025-06,下游河道區,茂密植生,1637.9,80.0,
2024/07–2025/06,2024-07～2025-06,下游河道區,無資料（雲遮）,0.0,,0.0
2025/10–2026/09,2025-10～2026-09,全集水區,水體,76.7,0.6,
2025/10–2026/09,2025-10～2026-09,全集水區,裸露地,1422.5,10.4,
2025/10–2026/09,2025-10～2026-09,全集水區,稀疏植生,1014.2,7.4,
2025/10–2026/09,2025-10～2026-09,全集水區,茂密植生,11148.0,81.6,
2025/10–2026/09,2025-10～2026-09,全集水區,無資料（雲遮）,0.0,,0.0
2025/10–2026/09,2025-10～2026-09,崩積區,水體,17.2,3.1,
2025/10–2026/09,2025-10～2026-09,崩積區,裸露地,507.5,90.1,
2025/10–2026/09,2025-10～2026-09,崩積區,稀疏植生,27.4,4.9,
2025/10–2026/09,2025-10～2026-09,崩積區,茂密植生,11.0,2.0,
2025/10–2026/09,2025-10～2026-09,崩積區,無資料（雲遮）,0.0,,0.0
2025/10–2026/09,2025-10～2026-09,殘壩區,水體,5.4,2.9,
2025/10–2026/09,2025-10～2026-09,殘壩區,裸露地,167.3,90.5,
2025/10–2026/09,2025-10～2026-09,殘壩區,稀疏植生,9.1,4.9,
2025/10–2026/09,2025-10～2026-09,殘壩區,茂密植生,3.1,1.7,
2025/10–2026/09,2025-10～2026-09,殘壩區,無資料（雲遮）,0.0,,0.0
2025/10–2026/09,2025-10～2026-09,下游河道區,水體,41.8,2.0,
2025/10–2026/09,2025-10～2026-09,下游河道區,裸露地,456.3,22.3,
2025/10–2026/09,2025-10～2026-09,下游河道區,稀疏植生,41.1,2.0,
2025/10–2026/09,2025-10～2026-09,下游河道區,茂密植生,1509.0,73.7,
2025/10–2026/09,2025-10～2026-09,下游河道區,無資料（雲遮）,0.0,,0.0
