2018 年 → 2024/07–2025/06,全集水區,（列：前期，欄：後期，單位 ha）
前期＼後期,水體,裸露地,稀疏植生,茂密植生
水體,3.1,4.2,0.0,0.0
裸露地,26.4,467.0,40.8,6.7
稀疏植生,1.1,146.8,456.3,443.2
茂密植生,1.4,94.6,417.1,11552.1

2018 年 → 2024/07–2025/06,崩積區,（列：前期，欄：後期，單位 ha）
前期＼後期,水體,裸露地,稀疏植生,茂密植生
水體,0.0,0.1,0.0,0.0
裸露地,1.1,82.5,3.9,0.6
稀疏植生,0.2,67.1,23.0,6.0
茂密植生,0.0,53.0,77.0,248.4

2018 年 → 2024/07–2025/06,殘壩區,（列：前期，欄：後期，單位 ha）
前期＼後期,水體,裸露地,稀疏植生,茂密植生
水體,1.4,0.4,0.0,0.0
裸露地,4.4,25.8,2.3,0.0
稀疏植生,0.1,9.7,23.7,3.9
茂密植生,0.0,0.5,6.4,106.0

2018 年 → 2024/07–2025/06,下游河道區,（列：前期，欄：後期，單位 ha）
前期＼後期,水體,裸露地,稀疏植生,茂密植生
水體,1.0,2.9,0.0,0.0
裸露地,18.0,297.5,15.7,4.4
稀疏植生,0.5,16.9,20.1,27.8
茂密植生,1.2,11.2,25.0,1605.6

2024/07–2025/06 → 2025/10–2026/09,全集水區,（列：前期，欄：後期，單位 ha）
前期＼後期,水體,裸露地,稀疏植生,茂密植生
水體,4.4,27.6,0.0,0.0
裸露地,39.8,652.2,20.5,0.1
稀疏植生,10.4,212.7,523.5,167.8
茂密植生,22.1,529.5,470.2,10980.2

2024/07–2025/06 → 2025/10–2026/09,崩積區,（列：前期，欄：後期，單位 ha）
前期＼後期,水體,裸露地,稀疏植生,茂密植生
水體,0.0,1.3,0.0,0.0
裸露地,9.4,192.1,1.4,0.0
稀疏植生,3.7,91.3,8.7,0.2
茂密植生,4.1,222.8,17.3,10.8

2024/07–2025/06 → 2025/10–2026/09,殘壩區,（列：前期，欄：後期，單位 ha）
前期＼後期,水體,裸露地,稀疏植生,茂密植生
水體,0.4,5.4,0.0,0.0
裸露地,1.2,35.2,0.0,0.0
稀疏植生,0.4,30.1,2.0,0.0
茂密植生,3.4,96.3,7.2,3.1

2024/07–2025/06 → 2025/10–2026/09,下游河道區,（列：前期，欄：後期，單位 ha）
前期＼後期,水體,裸露地,稀疏植生,茂密植生
水體,3.0,17.8,0.0,0.0
裸露地,24.4,301.8,2.4,0.0
稀疏植生,4.0,35.1,14.7,7.0
茂密植生,10.4,101.6,24.0,1502.0

2018 年 → 2025/10–2026/09,全集水區,（列：前期，欄：後期，單位 ha）
前期＼後期,水體,裸露地,稀疏植生,茂密植生
水體,1.1,6.3,0.0,0.0
裸露地,34.5,486.0,19.2,1.5
稀疏植生,12.6,252.4,399.7,382.6
茂密植生,28.4,677.6,595.3,10763.9

2018 年 → 2025/10–2026/09,崩積區,（列：前期，欄：後期，單位 ha）
前期＼後期,水體,裸露地,稀疏植生,茂密植生
水體,0.0,0.1,0.0,0.0
裸露地,5.3,81.2,1.6,0.0
稀疏植生,3.9,87.2,4.9,0.3
茂密植生,8.0,338.9,20.9,10.7

2018 年 → 2025/10–2026/09,殘壩區,（列：前期，欄：後期，單位 ha）
前期＼後期,水體,裸露地,稀疏植生,茂密植生
水體,0.1,1.7,0.0,0.0
裸露地,1.2,31.4,0.1,0.0
稀疏植生,0.5,34.7,2.1,0.1
茂密植生,3.5,99.4,7.0,3.0

2018 年 → 2025/10–2026/09,下游河道區,（列：前期，欄：後期，單位 ha）
前期＼後期,水體,裸露地,稀疏植生,茂密植生
水體,0.6,3.4,0.0,0.0
裸露地,23.8,311.6,0.2,0.1
稀疏植生,4.6,45.5,5.7,9.6
茂密植生,12.8,95.8,35.2,1499.4

