坡度分級,坡度範圍,面積(ha),裸露(ha)2018,裸露率(%)2018,裸露(ha)災前,裸露率(%)災前,裸露(ha)潰決後,裸露率(%)潰決後,植生→裸露(ha),其中事件區(ha),其中事件區外(ha),植生→裸露比率(%),事件區外比率(%),裸露→植生(ha)
一級坡,≤5%,356.2,257.5,72.3,247.7,69.5,315.1,88.4,70.8,37.2,33.6,76.17,64.62,0.0
二級坡,5–15%,214.2,75.2,35.1,72.5,33.8,124.9,58.3,50.3,38.5,11.8,37.43,13.26,0.4
三級坡,15–30%,549.4,42.2,7.7,45.2,8.2,83.6,15.2,37.6,31.7,5.9,7.54,1.39,1.0
四級坡,30–40%,776.6,12.4,1.6,20.2,2.6,50.9,6.6,31.9,28.1,3.8,4.22,0.57,0.8
五級坡,40–55%,2074.7,15.6,0.7,29.6,1.4,111.7,5.4,84.6,77.4,7.2,4.14,0.42,1.4
六級坡,55–100%,6808.8,78.3,1.2,166.8,2.5,476.7,7.0,325.4,281.8,43.6,4.9,0.8,10.6
七級坡,>100%,2881.3,60.0,2.1,130.7,4.5,259.5,9.0,141.6,114.5,27.1,5.15,1.22,6.3

坡向,面積(ha),植生→裸露(ha),比率(%),事件區外(ha),事件區外比率(%)
北,1815.7,64.8,3.66,17.1,1.11
東北,1957.7,75.5,3.97,15.7,0.98
東,2186.4,80.8,3.85,11.4,0.63
東南,1750.0,95.3,5.81,11.5,0.87
南,1086.0,99.5,10.02,11.9,1.72
西南,1011.0,80.6,8.34,10.6,1.47
西,1585.8,113.2,7.25,10.6,0.8
西北,1912.5,61.7,3.26,10.6,0.66
平坦,356.2,70.8,76.17,33.6,64.62
