編號,面積(ha),平均坡度(%),平均坡度(度),>55%陡坡占比(%),主要坡向,平均高程(m),平均ΔSAVI,所在分區,類型,緯度,經度
1,303.1,78.0,37.9,75.0,西,1100.0,-0.442,崩積區,陡坡崩塌裸露,23.70246,121.30451
2,126.1,88.0,41.4,83.0,東,1102.0,-0.428,湖域,湖域淹沒／淤積後裸露,23.70287,121.29353
3,79.8,8.0,4.7,1.0,北,201.0,-0.454,事件區外,緩坡／河道堆積,23.68485,121.3913
4,42.6,17.0,9.7,5.0,南,216.0,-0.468,下游河道區,緩坡／河道堆積,23.68976,121.38529
5,19.7,59.0,30.6,51.0,南,1325.0,-0.341,崩積區,陡坡崩塌裸露,23.71744,121.30247
6,16.7,110.0,47.8,93.0,東北,528.0,-0.411,事件區外,陡坡崩塌裸露,23.68395,121.33448
7,16.1,99.0,44.8,90.0,南,1808.0,-0.31,崩積區,陡坡崩塌裸露,23.72463,121.29919
8,15.3,11.0,6.4,0.0,南,142.0,-0.275,下游河道區,緩坡／河道堆積,23.68564,121.42889
9,7.9,77.0,37.6,85.0,北,337.0,-0.538,下游河道區,陡坡崩塌裸露,23.69199,121.35894
10,5.4,63.0,32.2,66.0,東北,260.0,-0.523,下游河道區,陡坡崩塌裸露,23.69162,121.3698
11,4.0,91.0,42.3,94.0,東,2464.0,-0.238,崩積區,陡坡崩塌裸露,23.71881,121.28172
12,3.3,119.0,49.9,94.0,東南,344.0,-0.434,下游河道區,陡坡崩塌裸露,23.69332,121.35283
13,3.1,115.0,49.0,86.0,南,265.0,-0.4,下游河道區,陡坡崩塌裸露,23.69334,121.36619
14,3.0,5.0,2.7,0.0,東南,103.0,-0.348,下游河道區,緩坡／河道堆積,23.67848,121.46374
15,2.8,98.0,44.3,86.0,東南,2384.0,-0.238,崩積區,陡坡崩塌裸露,23.72391,121.28774
16,2.6,81.0,39.0,97.0,西北,386.0,-0.569,下游河道區,陡坡崩塌裸露,23.69139,121.35187
17,2.5,128.0,52.0,94.0,西北,392.0,-0.353,下游河道區,陡坡崩塌裸露,23.68784,121.34673
18,2.4,110.0,47.6,91.0,東南,2470.0,-0.237,崩積區,陡坡崩塌裸露,23.72145,121.28368
19,2.2,63.0,32.2,65.0,東南,1375.0,-0.303,崩積區,陡坡崩塌裸露,23.71898,121.29946
20,2.2,136.0,53.8,100.0,東北,1149.0,-0.229,殘壩區,壩體堆積,23.69509,121.29891
21,2.2,107.0,47.0,97.0,東,425.0,-0.293,下游河道區,陡坡崩塌裸露,23.68414,121.34497
22,2.1,128.0,52.1,94.0,東南,1079.0,-0.197,湖域,湖域淹沒／淤積後裸露,23.69335,121.28417
23,1.9,88.0,41.2,97.0,東南,1491.0,-0.204,崩積區,陡坡崩塌裸露,23.7164,121.29192
24,1.7,7.0,3.7,0.0,北,139.0,-0.342,下游河道區,緩坡／河道堆積,23.68238,121.42634
25,1.6,90.0,42.1,94.0,東南,1651.0,-0.294,崩積區,陡坡崩塌裸露,23.72252,121.29725
26,1.4,86.0,40.8,96.0,西北,308.0,-0.632,下游河道區,陡坡崩塌裸露,23.69139,121.36463
27,1.4,156.0,57.4,100.0,東北,634.0,-0.328,事件區外,陡坡崩塌裸露,23.68467,121.32189
28,1.2,131.0,52.7,95.0,西南,302.0,-0.372,下游河道區,陡坡崩塌裸露,23.69306,121.3599
29,1.2,8.0,4.5,0.0,南,183.0,-0.259,下游河道區,緩坡／河道堆積,23.69003,121.40243
30,1.2,196.0,62.9,98.0,南,570.0,-0.269,事件區外,陡坡崩塌裸露,23.68595,121.32842
31,1.1,109.0,47.4,90.0,東南,1756.0,-0.238,崩積區,陡坡崩塌裸露,23.71995,121.29146
32,1.0,142.0,54.8,93.0,北,458.0,-0.348,下游河道區,陡坡崩塌裸露,23.67997,121.34343
