日期,期別,指標,單位,簡報值,本系統同日單景,單景差距,單景有效覆蓋,本系統當月月合成,月合成差距,月合成有效覆蓋
113/07/18,災前,崩積區裸露率,%,25.8,25.4,-0.4,0.975,25.9,0.1,0.983
113/07/18,災前,殘壩區裸露率,%,24.5,21.5,-3.0,0.961,22.2,-2.3,0.964
113/07/18,災前,下游裸露率,%,5.6,5.7,0.1,0.987,5.7,0.1,0.99
113/07/18,災前,壩區水域面積,ha,2.5,2.5,0.0,0.974,2.4,-0.1,0.976
114/06/15,成湖前,崩積區裸露率,%,33.5,32.2,-1.3,0.852,32.2,-1.3,0.852
114/06/15,成湖前,殘壩區裸露率,%,26.0,22.0,-4.0,0.942,22.1,-3.9,0.943
114/06/15,成湖前,下游裸露率,%,6.1,6.1,0.0,0.988,6.1,0.0,0.988
114/06/15,成湖前,壩區水域面積,ha,13.8,10.3,-3.5,0.954,11.2,-2.6,0.955
114/08/17,堰塞湖存在期,崩積區裸露率,%,98.3,97.8,-0.5,0.587,93.8,-4.5,0.867
114/08/17,堰塞湖存在期,殘壩區裸露率,%,97.5,96.5,-1.0,0.769,97.2,-0.3,0.93
114/08/17,堰塞湖存在期,下游裸露率,%,7.7,7.6,-0.1,0.817,7.4,-0.3,0.929
114/08/17,堰塞湖存在期,壩區水域面積,ha,≥120.2,63.5,-56.7,0.83,71.9,-48.3,0.951
114/10/11,潰壩後,崩積區裸露率,%,94.6,93.4,-1.2,0.842,94.5,-0.1,0.979
114/10/11,潰壩後,殘壩區裸露率,%,97.9,96.7,-1.2,0.832,97.9,0.0,0.931
114/10/11,潰壩後,下游裸露率,%,11.1,10.3,-0.8,0.986,11.1,0.0,0.998
114/10/11,潰壩後,壩區水域面積,ha,14.6,11.3,-3.3,0.885,22.0,7.4,0.952
115/04/14,現況,崩積區裸露率,%,93.2,92.0,-1.2,0.873,93.7,0.5,0.957
115/04/14,現況,殘壩區裸露率,%,94.0,92.9,-1.1,0.967,93.9,-0.1,0.997
115/04/14,現況,下游裸露率,%,16.4,12.7,-3.7,0.467,19.3,2.9,0.625
115/04/14,現況,壩區水域面積,ha,5.6,4.3,-1.3,0.978,3.5,-2.1,0.998
